version,function,selection,successors,lower_boundary,subgraph,corrected_complexity
Линейная,main,3,2 217,2,3 4 5 6 9 10 11 12 13 16 17 19 20 21 22 25 26 29 30 33 34 35 38 39 40 41 42 45 46 48 49 50 51 54 55 58 59 60 61 62 63 65 66 67 68 69 70 71 72 73 75 76 77 78 79 82 83 87 88 89 90 91 92 93 94 96 97 98 99 100 103 104 108 109 110 111 112 113 114 115 117 118 119 122 123 124 127 130 131 132 133 134 135 136 137 139 140 141 144 145 146 149 152 153 154 155 156 157 158 159 161 162 163 164 165 168 169 173 174 175 176 177 178 179 180 182 183 184 185 186 189 190 194 195 198 207 208 209 210 213 217,141
Линейная,main,4,58 66 207 208 209,3,4 5 6 9 10 11 12 13 16 17 19 20 21 22 25 26 29 30 33 34 35 38 39 40 41 42 45 46 48 49 50 51 54 55 58 59 60 61 62 63 65 66 67 68 69 70 71 72 73 75 76 77 78 79 82 83 87 88 89 90 91 92 93 94 96 97 98 99 100 103 104 108 109 110 111 112 113 114 115 117 118 119 122 123 124 127 130 131 132 133 134 135 136 137 139 140 141 144 145 146 149 152 153 154 155 156 157 158 159 161 162 163 164 165 168 169 173 174 175 176 177 178 179 180 182 183 184 185 186 189 190 194 195 198 207 208 209,137
Линейная,main,5,6 9,3,5 6 9,3
Линейная,main,11,10 13,10,11 12 13 16 17,5
Линейная,main,13,16 17,12,13 16 17,3
Линейная,main,20,19 22,19,20 21 22 25 26,5
Линейная,main,22,25 26,21,22 25 26,3
Линейная,main,30,29 33,29,30 33,2
Линейная,main,35,34 38,34,35 38,2
Линейная,main,40,39 42,39,40 41 42 45 46,5
Линейная,main,42,45 46,41,42 45 46,3
Линейная,main,49,48 51,48,49 50 51 54 55,5
Линейная,main,51,54 55,50,51 54 55,3
Линейная,main,59,60 65,3,59 60 61 62 63 65,6
Линейная,main,62,61 63,61,62 63,2
Линейная,main,67,3 87,3,67 68 69 70 71 72 73 75 76 77 78 79 82 83 87,15
Линейная,main,68,69 75,3,68 69 70 71 72 73 75,7
Линейная,main,71,70 72,70,71 72 73,3
Линейная,main,72,71 73,71,72 73,2
Линейная,main,77,76 79,76,77 78 79 82 83,5
Линейная,main,79,82 83,78,79 82 83,3
Линейная,main,88,67 108,67,88 89 90 91 92 93 94 96 97 98 99 100 103 104 108,15
Линейная,main,89,90 96,67,89 90 91 92 93 94 96,7
Линейная,main,92,91 93,91,92 93 94,3
Линейная,main,93,92 94,92,93 94,2
Линейная,main,98,97 100,97,98 99 100 103 104,5
Линейная,main,100,103 104,99,100 103 104,3
Линейная,main,109,88 130,88,109 110 111 112 113 114 115 117 118 119 122 123 124 127 130,15
Линейная,main,110,111 117,88,110 111 112 113 114 115 117,7
Линейная,main,113,112 114,112,113 114 115,3
Линейная,main,114,113 115,113,114 115,2
Линейная,main,119,118 122,118,119 122,2
Линейная,main,124,123 127,123,124 127,2
Линейная,main,131,109 152,109,131 132 133 134 135 136 137 139 140 141 144 145 146 149 152,15
Линейная,main,132,133 139,109,132 133 134 135 136 137 139,7
Линейная,main,135,134 136,134,135 136 137,3
Линейная,main,136,135 137,135,136 137,2
Линейная,main,141,140 144,140,141 144,2
Линейная,main,146,145 149,145,146 149,2
Линейная,main,153,131 173,131,153 154 155 156 157 158 159 161 162 163 164 165 168 169 173,15
Линейная,main,154,155 161,131,154 155 156 157 158 159 161,7
Линейная,main,157,156 158,156,157 158 159,3
Линейная,main,158,157 159,157,158 159,2
Линейная,main,163,162 165,162,163 164 165 168 169,5
Линейная,main,165,168 169,164,165 168 169,3
Линейная,main,174,153 194,153,174 175 176 177 178 179 180 182 183 184 185 186 189 190 194,15
Линейная,main,175,176 182,153,175 176 177 178 179 180 182,7
Линейная,main,178,177 179,177,178 179 180,3
Линейная,main,179,178 180,178,179 180,2
Линейная,main,184,183 186,183,184 185 186 189 190,5
Линейная,main,186,189 190,185,186 189 190,3
Линейная,main,195,174 198,174,195 198,2
Линейная,main,210,4 213,4,210 213,2
С указателями,main,4,3 218,3,4 5 6 7 10 11 12 13 14 17 18 20 21 22 23 26 27 30 31 34 35 36 39 40 41 42 43 46 47 49 50 51 52 55 56 59 60 61 62 63 64 66 67 68 69 70 71 72 73 74 76 77 78 79 80 83 84 88 89 90 91 92 93 94 95 97 98 99 100 101 104 105 109 110 111 112 113 114 115 116 118 119 120 123 124 125 128 131 132 133 134 135 136 137 138 140 141 142 145 146 147 150 153 154 155 156 157 158 159 160 162 163 164 165 166 169 170 174 175 176 177 178 179 180 181 183 184 185 186 187 190 191 195 196 199 208 209 210 211 214 218,141
С указателями,main,5,59 67 208 209 210,4,5 6 7 10 11 12 13 14 17 18 20 21 22 23 26 27 30 31 34 35 36 39 40 41 42 43 46 47 49 50 51 52 55 56 59 60 61 62 63 64 66 67 68 69 70 71 72 73 74 76 77 78 79 80 83 84 88 89 90 91 92 93 94 95 97 98 99 100 101 104 105 109 110 111 112 113 114 115 116 118 119 120 123 124 125 128 131 132 133 134 135 136 137 138 140 141 142 145 146 147 150 153 154 155 156 157 158 159 160 162 163 164 165 166 169 170 174 175 176 177 178 179 180 181 183 184 185 186 187 190 191 195 196 199 208 209 210,137
С указателями,main,6,7 10,4,6 7 10,3
С указателями,main,12,11 14,11,12 13 14 17 18,5
С указателями,main,14,17 18,13,14 17 18,3
С указателями,main,21,20 23,20,21 22 23 26 27,5
С указателями,main,23,26 27,22,23 26 27,3
С указателями,main,31,30 34,30,31 34,2
С указателями,main,36,35 39,35,36 39,2
С указателями,main,41,40 43,40,41 42 43 46 47,5
С указателями,main,43,46 47,42,43 46 47,3
С указателями,main,50,49 52,49,50 51 52 55 56,5
С указателями,main,52,55 56,51,52 55 56,3
С указателями,main,60,61 66,4,60 61 62 63 64 66,6
С указателями,main,63,62 64,62,63 64,2
С указателями,main,68,4 88,4,68 69 70 71 72 73 74 76 77 78 79 80 83 84 88,15
С указателями,main,69,70 76,4,69 70 71 72 73 74 76,7
С указателями,main,72,71 73,71,72 73 74,3
С указателями,main,73,72 74,72,73 74,2
С указателями,main,78,77 80,77,78 79 80 83 84,5
С указателями,main,80,83 84,79,80 83 84,3
С указателями,main,89,68 109,68,89 90 91 92 93 94 95 97 98 99 100 101 104 105 109,15
С указателями,main,90,91 97,68,90 91 92 93 94 95 97,7
С указателями,main,93,92 94,92,93 94 95,3
С указателями,main,94,93 95,93,94 95,2
С указателями,main,99,98 101,98,99 100 101 104 105,5
С указателями,main,101,104 105,100,101 104 105,3
С указателями,main,110,89 131,89,110 111 112 113 114 115 116 118 119 120 123 124 125 128 131,15
С указателями,main,111,112 118,89,111 112 113 114 115 116 118,7
С указателями,main,114,113 115,113,114 115 116,3
С указателями,main,115,114 116,114,115 116,2
С указателями,main,120,119 123,119,120 123,2
С указателями,main,125,124 128,124,125 128,2
С указателями,main,132,110 153,110,132 133 134 135 136 137 138 140 141 142 145 146 147 150 153,15
С указателями,main,133,134 140,110,133 134 135 136 137 138 140,7
С указателями,main,136,135 137,135,136 137 138,3
С указателями,main,137,136 138,136,137 138,2
С указателями,main,142,141 145,141,142 145,2
С указателями,main,147,146 150,146,147 150,2
С указателями,main,154,132 174,132,154 155 156 157 158 159 160 162 163 164 165 166 169 170 174,15
С указателями,main,155,156 162,132,155 156 157 158 159 160 162,7
С указателями,main,158,157 159,157,158 159 160,3
С указателями,main,159,158 160,158,159 160,2
С указателями,main,164,163 166,163,164 165 166 169 170,5
С указателями,main,166,169 170,165,166 169 170,3
С указателями,main,175,154 195,154,175 176 177 178 179 180 181 183 184 185 186 187 190 191 195,15
С указателями,main,176,177 183,154,176 177 178 179 180 181 183,7
С указателями,main,179,178 180,178,179 180 181,3
С указателями,main,180,179 181,179,180 181,2
С указателями,main,185,184 187,184,185 186 187 190 191,5
С указателями,main,187,190 191,186,187 190 191,3
С указателями,main,196,175 199,175,196 199,2
С указателями,main,211,5 214,5,211 214,2
Модульная,main,3,2 17,2,3 4 5 6 7 8 9 10 13 17,10
Модульная,main,4,5 6 7 8 9,3,4 5 6 7 8 9,6
Модульная,main,10,4 13,4,10 13,2
Модульная,addCar,2,3 6,1,2 3 6,3
Модульная,addCar,8,7 10,7,8 9 10 13 14,5
Модульная,addCar,10,13 14,9,10 13 14,3
Модульная,addCar,17,16 19,16,17 18 19 22 23,5
Модульная,addCar,19,22 23,18,19 22 23,3
Модульная,addCar,27,26 30,26,27 30,2
Модульная,addCar,32,31 35,31,32 35,2
Модульная,addCar,37,36 39,36,37 38 39 42 43,5
Модульная,addCar,39,42 43,38,39 42 43,3
Модульная,addCar,46,45 48,45,46 47 48 51 52,5
Модульная,addCar,48,51 52,47,48 51 52,3
Модульная,showAll,2,3 7,1,2 3 4 5 6 7,6
Модульная,showAll,5,4 6,4,5 6,2
Модульная,findCar,2,1 3 4 5 6 7 8,1,2 3 4 5 6 7 8,7
Модульная,findCar,9,2 12,2,9 12,2
Модульная,searchByBrand,2,3 8,1,2 3 4 5 6 7 8,7
Модульная,searchByBrand,5,4 6,4,5 6 7,3
Модульная,searchByBrand,6,5 7,5,6 7,2
Модульная,searchByBrand,10,9 12,9,10 11 12 15 16,5
Модульная,searchByBrand,12,15 16,11,12 15 16,3
Модульная,searchByModel,2,3 8,1,2 3 4 5 6 7 8,7
Модульная,searchByModel,5,4 6,4,5 6 7,3
Модульная,searchByModel,6,5 7,5,6 7,2
Модульная,searchByModel,10,9 12,9,10 11 12 15 16,5
Модульная,searchByModel,12,15 16,11,12 15 16,3
Модульная,searchByYear,2,3 8,1,2 3 4 5 6 7 8,7
Модульная,searchByYear,5,4 6,4,5 6 7,3
Модульная,searchByYear,6,5 7,5,6 7,2
Модульная,searchByYear,10,9 13,9,10 13,2
Модульная,searchByYear,15,14 18,14,15 18,2
Модульная,searchByPrice,2,3 8,1,2 3 4 5 6 7 8,7
Модульная,searchByPrice,5,4 6,4,5 6 7,3
Модульная,searchByPrice,6,5 7,5,6 7,2
Модульная,searchByPrice,10,9 13,9,10 13,2
Модульная,searchByPrice,15,14 18,14,15 18,2
Модульная,searchByBody,2,3 8,1,2 3 4 5 6 7 8,7
Модульная,searchByBody,5,4 6,4,5 6 7,3
Модульная,searchByBody,6,5 7,5,6 7,2
Модульная,searchByBody,10,9 12,9,10 11 12 15 16,5
Модульная,searchByBody,12,15 16,11,12 15 16,3
Модульная,searchBySegment,2,3 8,1,2 3 4 5 6 7 8,7
Модульная,searchBySegment,5,4 6,4,5 6 7,3
Модульная,searchBySegment,6,5 7,5,6 7,2
Модульная,searchBySegment,10,9 12,9,10 11 12 15 16,5
Модульная,searchBySegment,12,15 16,11,12 15 16,3
