version,function,from,to,label
Линейная,main,2,1,
Линейная,main,6,3,
Линейная,main,5,6,да
Линейная,main,9,3,
Линейная,main,5,9,нет
Линейная,main,10,5,
Линейная,main,12,11,
Линейная,main,16,12,
Линейная,main,13,16,да
Линейная,main,17,12,
Линейная,main,13,17,нет
Линейная,main,11,13,да
Линейная,main,11,10,нет
Линейная,main,19,11,
Линейная,main,21,20,
Линейная,main,25,21,
Линейная,main,22,25,да
Линейная,main,26,21,
Линейная,main,22,26,нет
Линейная,main,20,22,да
Линейная,main,20,19,нет
Линейная,main,29,20,
Линейная,main,33,30,
Линейная,main,30,33,да
Линейная,main,30,29,нет
Линейная,main,34,30,
Линейная,main,38,35,
Линейная,main,35,38,да
Линейная,main,35,34,нет
Линейная,main,39,35,
Линейная,main,41,40,
Линейная,main,45,41,
Линейная,main,42,45,да
Линейная,main,46,41,
Линейная,main,42,46,нет
Линейная,main,40,42,да
Линейная,main,40,39,нет
Линейная,main,48,40,
Линейная,main,50,49,
Линейная,main,54,50,
Линейная,main,51,54,да
Линейная,main,55,50,
Линейная,main,51,55,нет
Линейная,main,49,51,да
Линейная,main,49,48,нет
Линейная,main,58,49,
Линейная,main,4,58,case 1
Линейная,main,60,3,
Линейная,main,59,60,да
Линейная,main,61,3,
Линейная,main,63,62,
Линейная,main,62,63,да
Линейная,main,62,61,нет
Линейная,main,65,62,
Линейная,main,59,65,нет
Линейная,main,66,59,
Линейная,main,4,66,case 2
Линейная,main,69,3,
Линейная,main,68,69,да
Линейная,main,70,3,
Линейная,main,73,71,
Линейная,main,72,73,да
Линейная,main,72,71,нет
Линейная,main,71,72,да
Линейная,main,71,70,нет
Линейная,main,75,71,
Линейная,main,68,75,нет
Линейная,main,76,68,
Линейная,main,78,77,
Линейная,main,82,78,
Линейная,main,79,82,да
Линейная,main,83,78,
Линейная,main,79,83,нет
Линейная,main,77,79,да
Линейная,main,77,76,нет
Линейная,main,87,77,
Линейная,main,67,87,да
Линейная,main,67,3,нет
Линейная,main,90,67,
Линейная,main,89,90,да
Линейная,main,91,67,
Линейная,main,94,92,
Линейная,main,93,94,да
Линейная,main,93,92,нет
Линейная,main,92,93,да
Линейная,main,92,91,нет
Линейная,main,96,92,
Линейная,main,89,96,нет
Линейная,main,97,89,
Линейная,main,99,98,
Линейная,main,103,99,
Линейная,main,100,103,да
Линейная,main,104,99,
Линейная,main,100,104,нет
Линейная,main,98,100,да
Линейная,main,98,97,нет
Линейная,main,108,98,
Линейная,main,88,108,да
Линейная,main,88,67,нет
Линейная,main,111,88,
Линейная,main,110,111,да
Линейная,main,112,88,
Линейная,main,115,113,
Линейная,main,114,115,да
Линейная,main,114,113,нет
Линейная,main,113,114,да
Линейная,main,113,112,нет
Линейная,main,117,113,
Линейная,main,110,117,нет
Линейная,main,118,110,
Линейная,main,122,119,
Линейная,main,119,122,да
Линейная,main,119,118,нет
Линейная,main,123,119,
Линейная,main,127,124,
Линейная,main,124,127,да
Линейная,main,124,123,нет
Линейная,main,130,124,
Линейная,main,109,130,да
Линейная,main,109,88,нет
Линейная,main,133,109,
Линейная,main,132,133,да
Линейная,main,134,109,
Линейная,main,137,135,
Линейная,main,136,137,да
Линейная,main,136,135,нет
Линейная,main,135,136,да
Линейная,main,135,134,нет
Линейная,main,139,135,
Линейная,main,132,139,нет
Линейная,main,140,132,
Линейная,main,144,141,
Линейная,main,141,144,да
Линейная,main,141,140,нет
Линейная,main,145,141,
Линейная,main,149,146,
Линейная,main,146,149,да
Линейная,main,146,145,нет
Линейная,main,152,146,
Линейная,main,131,152,да
Линейная,main,131,109,нет
Линейная,main,155,131,
Линейная,main,154,155,да
Линейная,main,156,131,
Линейная,main,159,157,
Линейная,main,158,159,да
Линейная,main,158,157,нет
Линейная,main,157,158,да
Линейная,main,157,156,нет
Линейная,main,161,157,
Линейная,main,154,161,нет
Линейная,main,162,154,
Линейная,main,164,163,
Линейная,main,168,164,
Линейная,main,165,168,да
Линейная,main,169,164,
Линейная,main,165,169,нет
Линейная,main,163,165,да
Линейная,main,163,162,нет
Линейная,main,173,163,
Линейная,main,153,173,да
Линейная,main,153,131,нет
Линейная,main,176,153,
Линейная,main,175,176,да
Линейная,main,177,153,
Линейная,main,180,178,
Линейная,main,179,180,да
Линейная,main,179,178,нет
Линейная,main,178,179,да
Линейная,main,178,177,нет
Линейная,main,182,178,
Линейная,main,175,182,нет
Линейная,main,183,175,
Линейная,main,185,184,
Линейная,main,189,185,
Линейная,main,186,189,да
Линейная,main,190,185,
Линейная,main,186,190,нет
Линейная,main,184,186,да
Линейная,main,184,183,нет
Линейная,main,194,184,
Линейная,main,174,194,да
Линейная,main,174,153,нет
Линейная,main,198,195,
Линейная,main,195,198,да
Линейная,main,195,174,нет
Линейная,main,207,195,
Линейная,main,4,207,case 3
Линейная,main,208,3,
Линейная,main,4,208,case 0
Линейная,main,209,3,
Линейная,main,4,209,default
Линейная,main,213,210,
Линейная,main,210,213,да
Линейная,main,210,4,нет
Линейная,main,217,210,
Линейная,main,3,217,да
Линейная,main,3,2,нет
Линейная,main,219,217,
Линейная,main,220,219,
С указателями,main,3,1,
С указателями,main,7,4,
С указателями,main,6,7,да
С указателями,main,10,4,
С указателями,main,6,10,нет
С указателями,main,11,6,
С указателями,main,13,12,
С указателями,main,17,13,
С указателями,main,14,17,да
С указателями,main,18,13,
С указателями,main,14,18,нет
С указателями,main,12,14,да
С указателями,main,12,11,нет
С указателями,main,20,12,
С указателями,main,22,21,
С указателями,main,26,22,
С указателями,main,23,26,да
С указателями,main,27,22,
С указателями,main,23,27,нет
С указателями,main,21,23,да
С указателями,main,21,20,нет
С указателями,main,30,21,
С указателями,main,34,31,
С указателями,main,31,34,да
С указателями,main,31,30,нет
С указателями,main,35,31,
С указателями,main,39,36,
С указателями,main,36,39,да
С указателями,main,36,35,нет
С указателями,main,40,36,
С указателями,main,42,41,
С указателями,main,46,42,
С указателями,main,43,46,да
С указателями,main,47,42,
С указателями,main,43,47,нет
С указателями,main,41,43,да
С указателями,main,41,40,нет
С указателями,main,49,41,
С указателями,main,51,50,
С указателями,main,55,51,
С указателями,main,52,55,да
С указателями,main,56,51,
С указателями,main,52,56,нет
С указателями,main,50,52,да
С указателями,main,50,49,нет
С указателями,main,59,50,
С указателями,main,5,59,case 1
С указателями,main,61,4,
С указателями,main,60,61,да
С указателями,main,62,4,
С указателями,main,64,63,
С указателями,main,63,64,да
С указателями,main,63,62,нет
С указателями,main,66,63,
С указателями,main,60,66,нет
С указателями,main,67,60,
С указателями,main,5,67,case 2
С указателями,main,70,4,
С указателями,main,69,70,да
С указателями,main,71,4,
С указателями,main,74,72,
С указателями,main,73,74,да
С указателями,main,73,72,нет
С указателями,main,72,73,да
С указателями,main,72,71,нет
С указателями,main,76,72,
С указателями,main,69,76,нет
С указателями,main,77,69,
С указателями,main,79,78,
С указателями,main,83,79,
С указателями,main,80,83,да
С указателями,main,84,79,
С указателями,main,80,84,нет
С указателями,main,78,80,да
С указателями,main,78,77,нет
С указателями,main,88,78,
С указателями,main,68,88,да
С указателями,main,68,4,нет
С указателями,main,91,68,
С указателями,main,90,91,да
С указателями,main,92,68,
С указателями,main,95,93,
С указателями,main,94,95,да
С указателями,main,94,93,нет
С указателями,main,93,94,да
С указателями,main,93,92,нет
С указателями,main,97,93,
С указателями,main,90,97,нет
С указателями,main,98,90,
С указателями,main,100,99,
С указателями,main,104,100,
С указателями,main,101,104,да
С указателями,main,105,100,
С указателями,main,101,105,нет
С указателями,main,99,101,да
С указателями,main,99,98,нет
С указателями,main,109,99,
С указателями,main,89,109,да
С указателями,main,89,68,нет
С указателями,main,112,89,
С указателями,main,111,112,да
С указателями,main,113,89,
С указателями,main,116,114,
С указателями,main,115,116,да
С указателями,main,115,114,нет
С указателями,main,114,115,да
С указателями,main,114,113,нет
С указателями,main,118,114,
С указателями,main,111,118,нет
С указателями,main,119,111,
С указателями,main,123,120,
С указателями,main,120,123,да
С указателями,main,120,119,нет
С указателями,main,124,120,
С указателями,main,128,125,
С указателями,main,125,128,да
С указателями,main,125,124,нет
С указателями,main,131,125,
С указателями,main,110,131,да
С указателями,main,110,89,нет
С указателями,main,134,110,
С указателями,main,133,134,да
С указателями,main,135,110,
С указателями,main,138,136,
С указателями,main,137,138,да
С указателями,main,137,136,нет
С указателями,main,136,137,да
С указателями,main,136,135,нет
С указателями,main,140,136,
С указателями,main,133,140,нет
С указателями,main,141,133,
С указателями,main,145,142,
С указателями,main,142,145,да
С указателями,main,142,141,нет
С указателями,main,146,142,
С указателями,main,150,147,
С указателями,main,147,150,да
С указателями,main,147,146,нет
С указателями,main,153,147,
С указателями,main,132,153,да
С указателями,main,132,110,нет
С указателями,main,156,132,
С указателями,main,155,156,да
С указателями,main,157,132,
С указателями,main,160,158,
С указателями,main,159,160,да
С указателями,main,159,158,нет
С указателями,main,158,159,да
С указателями,main,158,157,нет
С указателями,main,162,158,
С указателями,main,155,162,нет
С указателями,main,163,155,
С указателями,main,165,164,
С указателями,main,169,165,
С указателями,main,166,169,да
С указателями,main,170,165,
С указателями,main,166,170,нет
С указателями,main,164,166,да
С указателями,main,164,163,нет
С указателями,main,174,164,
С указателями,main,154,174,да
С указателями,main,154,132,нет
С указателями,main,177,154,
С указателями,main,176,177,да
С указателями,main,178,154,
С указателями,main,181,179,
С указателями,main,180,181,да
С указателями,main,180,179,нет
С указателями,main,179,180,да
С указателями,main,179,178,нет
С указателями,main,183,179,
С указателями,main,176,183,нет
С указателями,main,184,176,
С указателями,main,186,185,
С указателями,main,190,186,
С указателями,main,187,190,да
С указателями,main,191,186,
С указателями,main,187,191,нет
С указателями,main,185,187,да
С указателями,main,185,184,нет
С указателями,main,195,185,
С указателями,main,175,195,да
С указателями,main,175,154,нет
С указателями,main,199,196,
С указателями,main,196,199,да
С указателями,main,196,175,нет
С указателями,main,208,196,
С указателями,main,5,208,case 3
С указателями,main,209,4,
С указателями,main,5,209,case 0
С указателями,main,210,4,
С указателями,main,5,210,default
С указателями,main,214,211,
С указателями,main,211,214,да
С указателями,main,211,5,нет
С указателями,main,218,211,
С указателями,main,4,218,да
С указателями,main,4,3,нет
С указателями,main,220,218,
С указателями,main,221,220,
Модульная,main,2,1,
Модульная,main,5,3,
Модульная,main,4,5,case 1
Модульная,main,6,3,
Модульная,main,4,6,case 2
Модульная,main,7,3,
Модульная,main,4,7,case 3
Модульная,main,8,3,
Модульная,main,4,8,case 0
Модульная,main,9,3,
Модульная,main,4,9,default
Модульная,main,13,10,
Модульная,main,10,13,да
Модульная,main,10,4,нет
Модульная,main,17,10,
Модульная,main,3,17,да
Модульная,main,3,2,нет
Модульная,main,18,17,
Модульная,main,19,18,
Модульная,addCar,3,1,
Модульная,addCar,2,3,да
Модульная,addCar,6,1,
Модульная,addCar,2,6,нет
Модульная,addCar,7,2,
Модульная,addCar,9,8,
Модульная,addCar,13,9,
Модульная,addCar,10,13,да
Модульная,addCar,14,9,
Модульная,addCar,10,14,нет
Модульная,addCar,8,10,да
Модульная,addCar,8,7,нет
Модульная,addCar,16,8,
Модульная,addCar,18,17,
Модульная,addCar,22,18,
Модульная,addCar,19,22,да
Модульная,addCar,23,18,
Модульная,addCar,19,23,нет
Модульная,addCar,17,19,да
Модульная,addCar,17,16,нет
Модульная,addCar,26,17,
Модульная,addCar,30,27,
Модульная,addCar,27,30,да
Модульная,addCar,27,26,нет
Модульная,addCar,31,27,
Модульная,addCar,35,32,
Модульная,addCar,32,35,да
Модульная,addCar,32,31,нет
Модульная,addCar,36,32,
Модульная,addCar,38,37,
Модульная,addCar,42,38,
Модульная,addCar,39,42,да
Модульная,addCar,43,38,
Модульная,addCar,39,43,нет
Модульная,addCar,37,39,да
Модульная,addCar,37,36,нет
Модульная,addCar,45,37,
Модульная,addCar,47,46,
Модульная,addCar,51,47,
Модульная,addCar,48,51,да
Модульная,addCar,52,47,
Модульная,addCar,48,52,нет
Модульная,addCar,46,48,да
Модульная,addCar,46,45,нет
Модульная,addCar,56,46,
Модульная,addCar,57,56,
Модульная,showAll,3,1,
Модульная,showAll,2,3,да
Модульная,showAll,4,1,
Модульная,showAll,6,5,
Модульная,showAll,5,6,да
Модульная,showAll,5,4,нет
Модульная,showAll,7,5,
Модульная,showAll,2,7,нет
Модульная,showAll,9,2,
Модульная,showAll,10,9,
Модульная,findCar,3,1,
Модульная,findCar,2,3,case 1
Модульная,findCar,4,1,
Модульная,findCar,2,4,case 2
Модульная,findCar,5,1,
Модульная,findCar,2,5,case 3
Модульная,findCar,6,1,
Модульная,findCar,2,6,case 4
Модульная,findCar,7,1,
Модульная,findCar,2,7,case 5
Модульная,findCar,8,1,
Модульная,findCar,2,8,case 6
Модульная,findCar,2,1,case 0
Модульная,findCar,2,1,default
Модульная,findCar,12,9,
Модульная,findCar,9,12,да
Модульная,findCar,9,2,нет
Модульная,findCar,21,9,
Модульная,findCar,22,21,
Модульная,searchByBrand,3,1,
Модульная,searchByBrand,2,3,да
Модульная,searchByBrand,4,1,
Модульная,searchByBrand,7,5,
Модульная,searchByBrand,6,7,да
Модульная,searchByBrand,6,5,нет
Модульная,searchByBrand,5,6,да
Модульная,searchByBrand,5,4,нет
Модульная,searchByBrand,8,5,
Модульная,searchByBrand,2,8,нет
Модульная,searchByBrand,9,2,
Модульная,searchByBrand,11,10,
Модульная,searchByBrand,15,11,
Модульная,searchByBrand,12,15,да
Модульная,searchByBrand,16,11,
Модульная,searchByBrand,12,16,нет
Модульная,searchByBrand,10,12,да
Модульная,searchByBrand,10,9,нет
Модульная,searchByBrand,21,10,
Модульная,searchByBrand,22,21,
Модульная,searchByModel,3,1,
Модульная,searchByModel,2,3,да
Модульная,searchByModel,4,1,
Модульная,searchByModel,7,5,
Модульная,searchByModel,6,7,да
Модульная,searchByModel,6,5,нет
Модульная,searchByModel,5,6,да
Модульная,searchByModel,5,4,нет
Модульная,searchByModel,8,5,
Модульная,searchByModel,2,8,нет
Модульная,searchByModel,9,2,
Модульная,searchByModel,11,10,
Модульная,searchByModel,15,11,
Модульная,searchByModel,12,15,да
Модульная,searchByModel,16,11,
Модульная,searchByModel,12,16,нет
Модульная,searchByModel,10,12,да
Модульная,searchByModel,10,9,нет
Модульная,searchByModel,21,10,
Модульная,searchByModel,22,21,
Модульная,searchByYear,3,1,
Модульная,searchByYear,2,3,да
Модульная,searchByYear,4,1,
Модульная,searchByYear,7,5,
Модульная,searchByYear,6,7,да
Модульная,searchByYear,6,5,нет
Модульная,searchByYear,5,6,да
Модульная,searchByYear,5,4,нет
Модульная,searchByYear,8,5,
Модульная,searchByYear,2,8,нет
Модульная,searchByYear,9,2,
Модульная,searchByYear,13,10,
Модульная,searchByYear,10,13,да
Модульная,searchByYear,10,9,нет
Модульная,searchByYear,14,10,
Модульная,searchByYear,18,15,
Модульная,searchByYear,15,18,да
Модульная,searchByYear,15,14,нет
Модульная,searchByYear,22,15,
Модульная,searchByYear,23,22,
Модульная,searchByPrice,3,1,
Модульная,searchByPrice,2,3,да
Модульная,searchByPrice,4,1,
Модульная,searchByPrice,7,5,
Модульная,searchByPrice,6,7,да
Модульная,searchByPrice,6,5,нет
Модульная,searchByPrice,5,6,да
Модульная,searchByPrice,5,4,нет
Модульная,searchByPrice,8,5,
Модульная,searchByPrice,2,8,нет
Модульная,searchByPrice,9,2,
Модульная,searchByPrice,13,10,
Модульная,searchByPrice,10,13,да
Модульная,searchByPrice,10,9,нет
Модульная,searchByPrice,14,10,
Модульная,searchByPrice,18,15,
Модульная,searchByPrice,15,18,да
Модульная,searchByPrice,15,14,нет
Модульная,searchByPrice,22,15,
Модульная,searchByPrice,23,22,
Модульная,searchByBody,3,1,
Модульная,searchByBody,2,3,да
Модульная,searchByBody,4,1,
Модульная,searchByBody,7,5,
Модульная,searchByBody,6,7,да
Модульная,searchByBody,6,5,нет
Модульная,searchByBody,5,6,да
Модульная,searchByBody,5,4,нет
Модульная,searchByBody,8,5,
Модульная,searchByBody,2,8,нет
Модульная,searchByBody,9,2,
Модульная,searchByBody,11,10,
Модульная,searchByBody,15,11,
Модульная,searchByBody,12,15,да
Модульная,searchByBody,16,11,
Модульная,searchByBody,12,16,нет
Модульная,searchByBody,10,12,да
Модульная,searchByBody,10,9,нет
Модульная,searchByBody,21,10,
Модульная,searchByBody,22,21,
Модульная,searchBySegment,3,1,
Модульная,searchBySegment,2,3,да
Модульная,searchBySegment,4,1,
Модульная,searchBySegment,7,5,
Модульная,searchBySegment,6,7,да
Модульная,searchBySegment,6,5,нет
Модульная,searchBySegment,5,6,да
Модульная,searchBySegment,5,4,нет
Модульная,searchBySegment,8,5,
Модульная,searchBySegment,2,8,нет
Модульная,searchBySegment,9,2,
Модульная,searchBySegment,11,10,
Модульная,searchBySegment,15,11,
Модульная,searchBySegment,12,15,да
Модульная,searchBySegment,16,11,
Модульная,searchBySegment,12,16,нет
Модульная,searchBySegment,10,12,да
Модульная,searchBySegment,10,9,нет
Модульная,searchBySegment,21,10,
Модульная,searchBySegment,22,21,
Модульная,printHeader,3,1,
Модульная,printHeader,4,3,
Модульная,printCar,2,1,
Модульная,printCar,3,2,
