version,function,vertices,edges,McCabe,Sa,S0
Линейная,main,145,200,57,622,0.7684887459807074
С указателями,main,145,200,57,622,0.7684887459807074
Модульная,main,14,19,7,28,0.5357142857142857
Модульная,addCar,36,46,12,63,0.4444444444444444
Модульная,showAll,9,10,3,14,0.4285714285714286
Модульная,findCar,12,19,9,18,0.38888888888888884
Модульная,searchByBrand,16,20,6,30,0.5
Модульная,searchByModel,16,20,6,30,0.5
Модульная,searchByYear,16,20,6,26,0.42307692307692313
Модульная,searchByPrice,16,20,6,26,0.42307692307692313
Модульная,searchByBody,16,20,6,30,0.5
Модульная,searchBySegment,16,20,6,30,0.5
Модульная,printHeader,3,2,1,2,0.0
Модульная,printCar,3,2,1,2,0.0
